timeStamp,Year,Day,Hour,B,BX_GSE_GSM,BY_GSE,BZ_GSE,BZ_GSM,Speed,Vy,Vz,Proton_Density,Proton_Temperature,Flow_Pressure,Electric_Field,s_c_X_GSE,s_c_Y_GSE,s_c_Z_GSE,BSN_location_X_GSE,BSN_location_Z_GSE,Dst
2025-05-31 06:00:00,2025.0,151.0,6.0,5.783898305084746,2.567457627118644,-4.233389830508475,1.0466101694915255,0.7227118644067797,702.052380952381,-11.683333333333334,5.261904761904762,1.831904761904762,380573.0476190476,1.808095238095238,-0.6238095238095238,251.4528571428572,74.89071428571428,10.028333333333332,13.30135593220339,-0.0969491525423728,-27.0
2025-05-31 07:00:00,2025.0,151.0,7.0,6.101333333333333,2.167333333333333,-3.869,0.5511666666666667,0.3911666666666667,700.5416666666666,-0.8972222222222226,-10.480555555555556,1.7319444444444445,333842.9166666667,1.6977777777777776,-0.1911111111111111,251.49694444444444,74.78972222222222,10.04,13.445,0.2243333333333333,-26.0
2025-05-31 08:00:00,2025.0,151.0,8.0,6.0840000000000005,5.638833333333333,-1.1076666666666666,0.1858333333333333,0.1743333333333333,645.2232142857143,25.773214285714285,-24.14642857142857,1.963928571428572,201911.4821428572,1.6351785714285716,-0.0791071428571428,251.56071428571428,74.62875,10.056964285714288,13.392666666666663,0.523,-24.0
2025-05-31 09:00:00,2025.0,151.0,9.0,6.003333333333333,5.816666666666666,0.6276666666666667,0.0854999999999999,0.0738333333333333,640.7053571428571,49.56607142857143,-27.017857142857142,1.9598214285714288,213616.39285714287,1.6096428571428572,-0.0501785714285714,251.6067857142857,74.50732142857143,10.071964285714284,13.382166666666668,0.5706666666666667,-24.0
2025-05-31 10:00:00,2025.0,151.0,10.0,6.099333333333333,5.888999999999999,0.6013333333333333,0.7114999999999999,0.6958333333333333,638.742,54.982,-20.334,2.0766,213833.88,1.6952,-0.3634,251.6498,74.4104,10.083,13.307166666666664,0.4188333333333333,-22.0
2025-05-31 11:00:00,2025.0,151.0,11.0,5.831833333333334,5.251666666666667,1.6344999999999998,-0.9118333333333334,-0.9548333333333332,644.1509803921568,69.15294117647059,-33.18431372549019,2.022549019607843,278563.7254901961,1.6786274509803922,0.590392156862745,251.68392156862743,74.33294117647058,10.09,13.158333333333331,0.6645,-21.0
2025-05-31 12:00:00,2025.0,151.0,12.0,6.104642857142857,4.225,2.143392857142857,-2.392857142857143,-2.42375,647.825,65.79249999999999,-45.095,2.067,249217.975,1.733,1.3412820512820514,251.7095,74.264,10.0985,12.865714285714288,0.93875,-23.0
2025-05-31 13:00:00,2025.0,151.0,13.0,6.17271186440678,3.141525423728813,3.5620338983050845,-3.102881355932204,-3.075084745762712,676.5763157894737,79.83421052631579,-46.63421052631579,1.8913157894736845,341910.2894736842,1.7299999999999998,1.8628947368421047,251.74052631578945,74.18263157894737,10.109473684210526,12.853728813559322,0.8859322033898306,-21.0
2025-05-31 14:00:00,2025.0,151.0,14.0,5.49593220338983,4.424915254237288,-0.2686440677966101,-1.6016949152542372,-1.621186440677966,643.1244444444444,23.39111111111111,-30.23111111111111,1.995111111111111,234920.1555555556,1.649333333333333,0.9951111111111112,251.7728888888889,74.10155555555556,10.116,13.164237288135594,0.6337288135593221,-18.0
2025-05-31 15:00:00,2025.0,151.0,15.0,6.278983050847457,4.9245762711864405,-2.325084745762712,-2.166271186440678,-2.3488135593220343,633.5745098039215,-15.44705882352941,-35.490196078431374,2.385490196078431,179821.0392156863,1.913529411764706,1.4962,251.81019607843132,74.02019607843138,10.122352941176471,12.87372881355932,0.7447457627118643,-16.0
2025-05-31 16:00:00,2025.0,151.0,16.0,6.063220338983051,4.164237288135594,-2.5371186440677964,0.7228813559322034,0.3964406779661017,634.5560975609756,-6.2682926829268295,-12.458536585365854,2.3041463414634147,197619.92682926828,1.8546341463414635,0.3695121951219512,251.84853658536588,73.92048780487805,10.136829268292685,13.180338983050849,0.0401694915254237,-15.0
2025-05-31 17:00:00,2025.0,151.0,17.0,6.081403508771929,4.405964912280702,-1.7498245614035086,2.255438596491228,1.9287719298245607,634.4046511627907,-3.609302325581396,-0.2418604651162789,2.3709302325581394,206521.8139534884,1.9067441860465115,-1.17,251.8972093023256,73.8013953488372,10.148139534883722,13.298421052631578,-0.0421052631578947,-14.0
2025-05-31 18:00:00,2025.0,151.0,18.0,6.187,3.998833333333333,3.082666666666667,1.1793333333333331,1.8411666666666664,646.7,37.27,-6.235,2.47225,234428.45,2.0645,-1.13875,251.9335,73.70925,10.1595,13.023333333333332,0.1063333333333333,-11.0
2025-05-31 19:00:00,2025.0,151.0,19.0,6.5105,5.644166666666666,-2.088,-1.1906666666666663,-1.6876666666666666,619.429411764706,-13.496078431372547,-30.586274509803925,2.1372549019607843,112816.64705882352,1.6435294117647057,1.1447058823529412,251.9698039215686,73.62294117647059,10.1678431372549,13.316,0.6489999999999999,-11.0
2025-05-31 20:00:00,2025.0,151.0,20.0,7.238103448275862,5.598965517241379,-1.734655172413793,-3.190862068965517,-3.5581034482758622,631.8878048780488,-10.15121951219512,-49.97073170731708,2.2260975609756097,90816.39024390244,1.781219512195122,2.23725,252.00585365853652,73.5319512195122,10.179512195121951,12.803103448275865,0.9941379310344828,-13.0
2025-05-31 21:00:00,2025.0,151.0,21.0,7.001698113207547,5.041509433962264,-2.2756603773584905,-2.658679245283019,-3.223962264150944,655.2965517241379,-15.010344827586207,-41.220689655172414,3.128275862068965,143866.24137931035,2.714827586206897,1.8827586206896552,252.04,73.44000000000001,10.18862068965517,12.18943396226415,0.7571698113207548,-10.0
2025-05-31 22:00:00,2025.0,151.0,22.0,6.1338333333333335,3.808666666666667,-2.5643333333333334,-0.4423333333333333,-1.2151666666666665,672.48,-10.58,-9.258,3.9314,230281.7,3.5460000000000003,0.7898000000000001,252.0794,73.339,10.1984,11.802833333333332,0.221,-7.0
2025-05-31 23:00:00,2025.0,151.0,23.0,6.190169491525424,2.521525423728814,-3.218813559322034,0.081186440677966,-0.9003389830508474,689.5849056603773,-3.079245283018868,-13.530188679245285,4.022264150943396,239502.98113207548,3.812452830188679,0.5856603773584905,252.1275471698113,73.21452830188679,10.212264150943396,11.737118644067795,0.2277966101694915,-9.0
2025-06-01 00:00:00,2025.0,152.0,0.0,6.648490566037736,1.4375471698113207,-3.6750943396226416,-3.744716981132076,-4.642264150943396,702.6804878048781,7.329268292682927,-32.87073170731708,3.6046341463414633,244295.75609756092,3.557073170731708,3.273000000000001,252.17268292682925,73.09951219512195,10.224634146341463,11.41,0.5075471698113208,-11.0
2025-06-01 01:00:00,2025.0,152.0,1.0,6.227,2.1381666666666663,-3.4628333333333337,-2.6115,-3.423,696.0711538461538,8.9,-24.996153846153845,3.9992307692307696,291337.32692307694,3.874038461538461,2.453846153846154,252.21,73.00653846153847,10.234423076923076,11.459666666666667,0.4355,-23.0
2025-06-01 02:00:00,2025.0,152.0,2.0,6.540677966101694,2.1905084745762715,-2.3710169491525424,3.5354237288135595,2.868983050847458,684.1584905660378,7.728301886792453,9.469811320754715,3.869811320754717,281990.1698113208,3.620377358490566,-1.8096226415094336,252.2467924528302,72.9143396226415,10.24377358490566,12.021186440677964,-0.1781355932203389,-28.0
2025-06-01 03:00:00,2025.0,152.0,3.0,6.204833333333334,0.7051666666666667,-3.591,0.5131666666666667,-0.1953333333333333,691.9629629629629,-8.948148148148148,-2.9703703703703703,3.858148148148148,224175.61111111112,3.698148148148148,0.1455555555555555,252.2901851851852,72.80574074074075,10.252407407407407,11.744166666666668,0.0378333333333333,-26.0
2025-06-01 04:00:00,2025.0,152.0,4.0,6.7058333333333335,1.7466666666666666,-5.0865,-2.3475,-3.1118333333333337,684.7596153846154,-22.41346153846154,-19.496153846153845,4.2840384615384615,233556.38461538465,4.017307692307693,2.267692307692308,252.32461538461536,72.7023076923077,10.266153846153848,11.452833333333333,0.3196666666666666,-20.0
2025-06-01 05:00:00,2025.0,152.0,5.0,9.4895,3.281,-3.1045000000000003,1.165166666666667,0.8201666666666667,735.1239130434782,-0.2152173913043479,-37.03260869565217,5.99304347826087,431142.89130434784,7.533478260869566,0.5493478260869565,252.36717391304347,72.59478260869565,10.275434782608697,10.453333333333337,0.5043333333333334,-3.0
2025-06-01 06:00:00,2025.0,152.0,6.0,15.35084745762712,5.518305084745762,-3.158135593220339,0.697457627118644,0.4891525423728813,990.981818181818,109.3,-118.06363636363636,14.716363636363637,2279103.636363636,28.83272727272728,4.123636363636364,252.4109090909091,72.46090909090908,10.29,8.393898305084745,0.8142372881355932,4.0
2025-06-01 07:00:00,2025.0,152.0,7.0,12.302545454545454,4.188727272727273,-5.554363636363637,-3.8929090909090913,-4.072909090909091,975.8558139534885,63.23255813953488,-109.6953488372093,13.54232558139535,2253842.046511628,25.776976744186047,2.587804878048781,252.4579069767442,72.36511627906977,10.297906976744184,8.50309090909091,0.988909090909091,-33.0
2025-06-01 08:00:00,2025.0,152.0,8.0,18.147,-2.435666666666666,-12.213333333333331,-3.0541666666666667,-3.025,988.546153846154,60.88461538461539,-89.52307692307691,12.121538461538462,1903210.1538461533,23.707692307692305,6.017692307692308,252.4746153846154,72.31307692307692,10.304615384615383,8.657,0.7538333333333334,-48.0
2025-06-01 09:00:00,2025.0,152.0,9.0,24.588666666666665,-0.2466666666666666,-20.665166666666668,-11.687666666666669,-11.264833333333334,1060.395,8.879999999999999,-82.255,6.430499999999999,1659754.05,14.4675,13.1195,252.5315,72.17150000000001,10.3185,8.686833333333334,0.5856666666666667,-87.0
2025-06-01 10:00:00,2025.0,152.0,10.0,24.4235593220339,-4.261525423728814,-23.36271186440678,-1.013728813559322,-0.2632203389830509,1062.3000000000002,-45.04444444444445,-24.95555555555556,4.618888888888889,739470.2222222222,10.386666666666663,-0.1822222222222221,252.56444444444443,72.05555555555556,10.33222222222222,10.292203389830508,0.1788135593220339,-118.0
2025-06-01 11:00:00,2025.0,152.0,11.0,24.395,-8.135,-21.034,8.607,9.329,1060.822222222222,-96.52222222222224,-27.188888888888886,5.457777777777777,698220.8888888889,12.274444444444445,-10.31375,252.59444444444443,72.00222222222222,10.34,10.474,0.256,-88.0
2025-06-01 12:00:00,2025.0,152.0,12.0,21.04848484848485,-1.1139393939393938,14.723636363636365,8.004242424242424,7.734545454545454,1067.757142857143,-31.61428571428572,-10.328571428571427,8.607142857142858,259815.7142857143,19.608571428571427,3.51,252.64,71.85285714285713,10.35,9.761515151515152,0.0533333333333333,-100.0
2025-06-01 13:00:00,2025.0,152.0,13.0,24.483666666666668,-7.543166666666667,18.51833333333333,13.853666666666667,13.839833333333331,1035.2806451612903,-32.803225806451614,-19.712903225806453,1.1387096774193548,299345.5806451613,2.438709677419354,-15.711935483870969,252.6932258064516,71.73032258064515,10.361612903225806,13.847,0.2733333333333333,-119.0
2025-06-01 14:00:00,2025.0,152.0,14.0,23.7445,-8.639999999999999,13.898833333333332,17.131500000000003,17.564,1040.4389830508476,-53.85423728813559,5.903389830508475,1.0491525423728814,268522.74576271186,2.273559322033898,-18.26457627118644,252.71915254237288,71.64949152542373,10.373220338983051,15.581,-0.082,-110.0
2025-06-01 15:00:00,2025.0,152.0,15.0,22.379666666666665,-10.459333333333335,9.854333333333331,17.032833333333333,17.696666666666665,1013.028813559322,-54.70677966101695,1.2254237288135592,1.3184745762711865,233332.4237288136,2.7108474576271187,-17.925254237288133,252.7615254237288,71.5493220338983,10.38135593220339,14.339,-0.0191666666666666,-96.0
2025-06-01 16:00:00,2025.0,152.0,16.0,21.347666666666665,-13.159333333333333,4.798333333333333,15.903166666666667,16.339333333333332,976.2793103448276,-38.47758620689655,-1.946551724137931,1.4243103448275862,157337.3620689655,2.7120689655172416,-15.96603448275862,252.79517241379315,71.44224137931033,10.39293103448276,14.3435,0.0233333333333333,-91.0
2025-06-01 17:00:00,2025.0,152.0,17.0,19.550166666666662,-14.904666666666666,-2.8645,11.6465,10.956166666666666,950.6456140350878,-95.39473684210526,-21.049122807017543,4.731052631578947,87374.1052631579,8.493684210526316,-10.249649122807018,252.83701754385967,71.34140350877193,10.401052631578947,11.202666666666666,0.2418333333333333,-74.0
2025-06-01 18:00:00,2025.0,152.0,18.0,18.062833333333334,-12.661333333333332,-11.411499999999998,2.1605,-0.3310000000000001,908.5315789473684,-107.02631578947368,-19.8280701754386,7.410526315789474,102501.45614035089,12.241228070175438,0.3110526315789473,252.87350877192983,71.2357894736842,10.41315789473684,9.989,0.2268333333333333,-54.0
2025-06-01 19:00:00,2025.0,152.0,19.0,15.704,0.7033333333333333,7.6475,1.0758333333333332,3.054333333333333,951.9543859649124,-79.15263157894736,37.33157894736842,4.757543859649123,134645.57894736843,8.195263157894736,-2.860526315789474,252.9073684210526,71.13228070175438,10.42438596491228,13.024333333333336,-0.5783333333333334,-72.0
2025-06-01 20:00:00,2025.0,152.0,20.0,16.327758620689654,-0.0872413793103448,14.934827586206897,6.447241379310345,10.363793103448277,981.7794871794872,-43.36666666666667,96.61794871794872,0.3094871794871795,79645.46153846153,0.597948717948718,-10.216153846153846,252.9492307692308,71.02820512820513,10.433589743589742,22.57465517241379,-2.259655172413793,-82.0
2025-06-01 21:00:00,2025.0,152.0,21.0,15.108333333333333,-2.1175,13.627333333333333,5.876666666666667,9.6625,986.5938775510205,-48.20816326530612,132.3387755102041,0.4961224489795918,99406.57142857143,0.9663265306122448,-9.495714285714286,252.97979591836736,70.9295918367347,10.444489795918368,18.24866666666667,-2.5275000000000003,-72.0
2025-06-01 22:00:00,2025.0,152.0,22.0,14.682881355932205,-0.71,14.524745762711865,1.4022033898305086,5.745254237288136,928.3518518518518,-21.95925925925926,76.34814814814816,0.4801851851851851,104136.33333333331,0.8435185185185184,-5.416851851851852,253.0214814814815,70.83722222222222,10.45074074074074,21.363898305084746,-1.1752542372881356,-73.0
2025-06-01 23:00:00,2025.0,152.0,23.0,14.372666666666667,-1.1526666666666665,14.2675,-0.5483333333333333,3.7363333333333335,902.83125,1.4583333333333333,51.93333333333334,0.2072916666666666,123570.5,0.3370833333333333,-3.428333333333333,253.05229166666663,70.72979166666666,10.463333333333331,27.50433333333333,-1.039,-71.0
2025-06-02 00:00:00,2025.0,153.0,0.0,14.062881355932204,-2.0189830508474578,13.70677966101695,-2.020508474576271,1.944406779661017,881.5471698113207,-12.235849056603774,32.4,0.2190566037735849,105521.49056603774,0.3392452830188679,-1.7062264150943396,253.09,70.62811320754717,10.472075471698114,26.28152542372881,-0.6638983050847458,-66.0
2025-06-02 01:00:00,2025.0,153.0,1.0,12.877966101694916,-9.110338983050848,1.5961016949152542,3.915762711864407,4.245254237288136,830.0307692307692,-75.70961538461539,23.517307692307693,1.9386538461538465,62030.86538461538,2.612115384615385,-3.563076923076923,253.13038461538463,70.51692307692308,10.483653846153846,14.02779661016949,-0.4088135593220339,-47.0
2025-06-02 02:00:00,2025.0,153.0,2.0,12.0015,-9.895166666666666,-5.417166666666666,3.886,2.565833333333333,791.2847826086957,-49.7304347826087,43.43695652173913,1.7880434782608696,28512.869565217392,2.239130434782609,-2.01,253.16434782608687,70.41326086956522,10.494782608695653,13.256333333333334,-0.7388333333333333,-39.0
2025-06-02 03:00:00,2025.0,153.0,3.0,11.579833333333331,-10.218166666666669,-2.7233333333333336,-2.282833333333333,-2.7816666666666667,822.8490909090908,-77.87272727272727,86.62909090909092,6.605090909090909,160574.96363636362,9.014181818181818,2.065090909090909,253.22018181818183,70.268,10.505636363636365,10.294833333333337,-1.0784999999999998,-29.0
2025-06-02 04:00:00,2025.0,153.0,4.0,12.152758620689657,1.3989655172413793,7.687241379310345,-8.21844827586207,-7.002931034482759,810.6171428571428,-24.757142857142856,14.30857142857143,0.6368571428571428,114294.05714285714,0.8122857142857143,5.765714285714286,253.2465714285714,70.17542857142857,10.51542857142857,16.967068965517242,-0.2736206896551724,-54.0
2025-06-02 05:00:00,2025.0,153.0,5.0,12.281666666666666,7.387833333333333,8.141,-5.378166666666667,-4.495500000000001,750.7803921568628,-24.698039215686272,50.07254901960784,0.3723529411764705,46560.8431372549,0.4166666666666667,3.3233333333333337,253.2903921568628,70.07588235294118,10.522941176470589,20.3895,-1.2928333333333333,-52.0
2025-06-02 06:00:00,2025.0,153.0,6.0,12.4005,8.1945,7.8475,-4.890333333333333,-4.381833333333334,714.1208333333334,-22.09583333333333,76.00833333333334,0.5122916666666667,30087.02083333333,0.5220833333333333,3.247916666666667,253.3202083333333,69.97270833333333,10.534583333333332,18.7095,-2.039833333333333,-53.0
2025-06-02 07:00:00,2025.0,153.0,7.0,11.901694915254238,8.378813559322035,5.991186440677966,-5.6484745762711865,-5.478474576271187,737.8520833333333,-54.02291666666667,19.05625,2.7816666666666667,57111.520833333336,3.0395833333333333,3.9914583333333336,253.35541666666663,69.86666666666666,10.547708333333334,12.35813559322034,-0.3147457627118644,-46.0
2025-06-02 08:00:00,2025.0,153.0,8.0,11.531166666666667,4.3075,1.4085,-9.1005,-9.094166666666666,726.3960784313725,-57.40980392156863,28.6,3.2931372549019606,44994.01960784314,3.4645098039215685,6.760196078431372,253.39294117647057,69.7735294117647,10.5521568627451,10.925166666666666,-0.4148333333333333,-57.0
2025-06-02 09:00:00,2025.0,153.0,9.0,11.8885,0.0129999999999999,0.699,-11.805,-11.823833333333331,730.846,-65.286,17.522000000000002,3.5424,30219.36,3.7966,8.6416,253.4294,69.6494,10.5668,10.337666666666667,-0.2421666666666667,-82.0
2025-06-02 10:00:00,2025.0,153.0,10.0,12.1245,2.748333333333333,2.1631666666666667,-11.445333333333334,-11.522166666666667,720.0203389830508,-57.35593220338984,11.779661016949152,2.162203389830508,33092.457627118645,2.23542372881356,8.29949152542373,253.4666101694915,69.55254237288136,10.572542372881356,11.517833333333334,-0.1905,-95.0
2025-06-02 11:00:00,2025.0,153.0,11.0,11.870333333333331,3.4445,4.1865,-10.4805,-10.640833333333337,715.1142857142858,-73.44285714285715,2.2446428571428574,3.106607142857143,27034.696428571428,3.182857142857143,7.619285714285715,253.50321428571428,69.45035714285714,10.581428571428573,10.8305,-0.0344999999999999,-86.0
2025-06-02 12:00:00,2025.0,153.0,12.0,11.251833333333334,3.3721666666666668,3.9735,-9.845,-9.955833333333334,701.6910714285714,-68.45535714285714,17.264285714285712,3.28125,22026.85714285714,3.2305357142857143,6.9437500000000005,253.53821428571428,69.33321428571428,10.594285714285714,10.909833333333331,-0.2668333333333333,-96.0
2025-06-02 13:00:00,2025.0,153.0,13.0,10.896315789473684,7.13561403508772,4.347894736842105,-6.475789473684211,-6.510701754385965,690.5528301886793,-62.62830188679246,25.68867924528302,4.218301886792453,20516.245283018867,4.030188679245283,4.416226415094339,253.58603773584903,69.2056603773585,10.603018867924527,10.979298245614036,-0.4164912280701754,-109.0
2025-06-02 14:00:00,2025.0,153.0,14.0,10.138039215686272,4.216862745098039,3.129607843137255,-8.142156862745098,-8.062156862745098,651.1243243243243,-47.15945945945946,16.762162162162163,6.940540540540541,21249.18918918919,5.890810810810811,5.403333333333333,253.61513513513515,69.11243243243243,10.612432432432431,10.204313725490197,-0.3413725490196078,-104.0
2025-06-02 15:00:00,2025.0,153.0,15.0,10.095333333333334,5.717833333333333,3.3063333333333333,-7.484833333333333,-7.246833333333333,642.036170212766,-45.338297872340426,28.97446808510638,5.46063829787234,23178.78723404256,4.496170212765957,4.678936170212766,253.6431914893617,69.01765957446808,10.624255319148936,10.593,-0.4891666666666667,-108.0
2025-06-02 16:00:00,2025.0,153.0,16.0,10.152280701754384,6.612631578947369,4.618421052631579,-5.731578947368421,-5.165964912280701,647.3955555555556,-38.35333333333334,4.973333333333334,3.676444444444445,18487.088888888888,3.0822222222222218,3.1872727272727275,253.68844444444443,68.90555555555555,10.63,11.560526315789474,-0.0910526315789473,-109.0
2025-06-02 17:00:00,2025.0,153.0,17.0,10.0805,3.114833333333333,2.330833333333333,-8.8345,-8.347166666666666,604.6096153846154,-12.45,41.26538461538462,2.5488461538461538,21044.19230769231,1.8757692307692304,4.995961538461539,253.7192307692308,68.80538461538461,10.640384615384615,12.183,-0.843,-101.0
2025-06-02 18:00:00,2025.0,153.0,18.0,9.988166666666666,1.808333333333333,4.534000000000001,-8.322833333333334,-7.186166666666667,586.5681818181819,-26.393181818181816,31.661363636363635,2.1045454545454545,21605.886363636364,1.4425,4.358409090909091,253.7436363636364,68.72204545454545,10.651818181818182,12.936,-0.6636666666666666,-98.0
2025-06-02 19:00:00,2025.0,153.0,19.0,10.231428571428571,4.173214285714286,6.993571428571428,-5.941071428571428,-4.040535714285714,592.4724137931034,-39.33103448275862,7.162068965517241,2.1872413793103447,19746.689655172413,1.5334482758620689,2.324642857142857,253.7858620689655,68.61137931034483,10.66,13.103035714285712,-0.1571428571428571,-84.0
2025-06-02 20:00:00,2025.0,153.0,20.0,11.596333333333332,5.467166666666667,8.606166666666667,-4.6405,-2.1028333333333333,609.369387755102,-42.76122448979592,-15.973469387755102,2.5977551020408165,24518.020408163266,1.95530612244898,1.2559183673469387,253.8238775510204,68.49714285714286,10.667959183673467,12.9365,0.3391666666666666,-74.0
2025-06-02 21:00:00,2025.0,153.0,21.0,14.951666666666666,6.352833333333334,6.947666666666667,-10.779666666666666,-8.2965,649.9941176470587,-56.75490196078432,-41.935294117647054,3.784901960784314,30688.0,3.199019607843137,5.369803921568628,253.8574509803921,68.38333333333334,10.680196078431372,11.0465,0.7271666666666667,-72.0
2025-06-02 22:00:00,2025.0,153.0,22.0,15.347833333333334,6.449666666666667,7.795333333333334,-10.596,-7.8005,645.1037037037037,-44.653703703703705,-48.43703703703704,3.347962962962963,42254.09259259259,2.786851851851852,5.082592592592592,253.89277777777767,68.27722222222222,10.69,11.348166666666666,0.8776666666666666,-80.0
2025-06-02 23:00:00,2025.0,153.0,23.0,15.0,4.783389830508475,10.262203389830509,-7.412033898305085,-4.091864406779662,639.5770833333333,-40.325,-57.8875,3.3979166666666667,35965.770833333336,2.7916666666666665,2.9789583333333334,253.935625,68.15895833333333,10.697708333333331,11.86271186440678,1.0422033898305083,-83.0
2025-06-03 00:00:00,2025.0,154.0,0.0,13.948571428571428,5.590714285714285,7.286607142857143,-8.061785714285714,-5.716071428571429,612.2673913043478,-43.982608695652175,-60.87826086956522,4.009347826086957,32384.304347826088,3.0028260869565218,3.529555555555555,253.96891304347827,68.04108695652174,10.710652173913044,11.513571428571428,1.16,-71.0
2025-06-03 01:00:00,2025.0,154.0,1.0,12.624166666666667,3.9345,10.0995,-3.2655000000000003,-0.6198333333333333,613.9,-17.914545454545454,-40.51272727272727,4.649454545454545,35105.36363636364,3.506727272727273,0.1661818181818181,254.0010909090909,67.94363636363637,10.72,11.774166666666668,0.7426666666666667,-72.0
2025-06-03 02:00:00,2025.0,154.0,2.0,11.837368421052632,6.066140350877193,2.3468421052631583,-7.554035087719298,-6.834385964912281,615.3294117647059,-28.258823529411767,-16.205882352941178,4.1776470588235295,37940.0,3.1621568627450984,4.1654,254.04254901960783,67.83156862745098,10.726274509803924,11.354736842105265,0.2798245614035087,-70.0
2025-06-03 03:00:00,2025.0,154.0,3.0,11.733898305084743,4.103559322033898,-0.4088135593220339,-10.844406779661018,-10.731186440677966,625.4547619047619,-41.42619047619048,-33.31428571428572,4.657142857142857,35885.5,3.651428571428572,6.736428571428571,254.07738095238096,67.71738095238095,10.737857142857145,10.560677966101697,0.5538983050847458,-77.0
2025-06-03 04:00:00,2025.0,154.0,4.0,11.427457627118644,4.761694915254237,0.1315254237288135,-9.887627118644067,-9.763898305084746,603.066,-22.61,-31.23,4.098,38221.2,2.9838,5.9438775510204085,254.1108,67.5932,10.7514,11.076610169491524,0.559322033898305,-89.0
2025-06-03 05:00:00,2025.0,154.0,5.0,10.789,4.5761666666666665,-0.6023333333333334,-9.537833333333332,-9.547833333333331,599.459090909091,-23.30909090909091,-32.96136363636364,4.050454545454546,37072.22727272727,2.914772727272727,5.873636363636364,254.15090909090907,67.50272727272727,10.754545454545454,11.1795,0.6011666666666666,-99.0
2025-06-03 06:00:00,2025.0,154.0,6.0,10.317833333333336,6.738833333333333,-0.6503333333333334,-7.566333333333334,-7.583333333333333,581.46,-5.7325,-25.5575,4.05525,35351.875,2.7415,4.29525,254.18075,67.401,10.7655,11.524833333333332,0.5205,-96.0
2025-06-03 07:00:00,2025.0,154.0,7.0,10.149491525423729,6.517796610169492,-1.5776271186440678,-7.370508474576272,-7.4025423728813555,575.9522727272728,-7.281818181818181,-22.65681818181818,3.826590909090909,29372.590909090908,2.538636363636364,4.202727272727272,254.2097727272727,67.30068181818181,10.773863636363636,11.68864406779661,0.4679661016949152,-108.0
2025-06-03 08:00:00,2025.0,154.0,8.0,9.692,5.8365,-0.999,-7.422333333333333,-7.412333333333334,576.5811320754717,-8.601886792452829,-33.052830188679245,3.4796226415094336,25193.01886792453,2.31377358490566,4.287547169811321,254.2388679245283,67.18943396226415,10.786603773584904,11.833833333333333,0.6663333333333333,-103.0
2025-06-03 09:00:00,2025.0,154.0,9.0,9.026271186440676,5.511525423728814,-1.2505084745762711,-6.747627118644068,-6.70728813559322,569.0340909090909,-15.877272727272729,-29.279545454545453,3.6584090909090894,28542.545454545456,2.3693181818181817,3.744090909090909,254.2768181818182,67.09931818181818,10.79,11.843559322033895,0.6294915254237288,-106.0
2025-06-03 10:00:00,2025.0,154.0,10.0,8.838448275862069,5.506206896551724,-0.5887931034482758,-6.139655172413794,-6.10448275862069,570.0,-11.668888888888889,-25.988888888888887,3.213777777777778,39324.62222222222,2.086222222222222,3.2528888888888887,254.31444444444443,66.98555555555555,10.79977777777778,12.199137931034482,0.5841379310344827,-108.0
2025-06-03 11:00:00,2025.0,154.0,11.0,8.999322033898306,6.869491525423729,-2.5283050847457624,-4.335254237288136,-4.210847457627119,586.4739130434782,-5.78695652173913,-21.15217391304348,2.6945652173913044,74345.30434782608,1.858913043478261,2.071086956521739,254.34608695652173,66.86978260869566,10.811521739130436,12.86813559322034,0.7113559322033898,-95.0
2025-06-03 12:00:00,2025.0,154.0,12.0,9.383529411764703,6.88686274509804,-2.055686274509804,-5.282352941176471,-5.202549019607843,594.1578947368421,5.260526315789474,-44.84473684210526,3.145526315789473,98797.94736842104,2.2139473684210524,3.01,254.37973684210527,66.7486842105263,10.822631578947368,12.236470588235292,0.92,-92.0
2025-06-03 13:00:00,2025.0,154.0,13.0,8.953061224489796,6.130204081632653,-3.053877551020408,-4.805714285714286,-4.76795918367347,596.0162162162162,3.656756756756757,-48.55135135135136,3.417297297297297,89961.45945945945,2.4110810810810808,3.071111111111111,254.4375675675676,66.5927027027027,10.831351351351351,12.106938775510203,0.8995918367346939,-92.0
2025-06-03 14:00:00,2025.0,154.0,14.0,8.131333333333334,6.402,-0.3808333333333333,-2.931833333333333,-2.922166666666667,580.025,30.625,-27.185714285714287,3.625357142857143,93538.21428571428,2.435,1.5566071428571429,254.4780357142857,66.44428571428571,10.847321428571428,12.254,0.5813333333333334,-83.0
2025-06-03 15:00:00,2025.0,154.0,15.0,7.143050847457627,5.31542372881356,3.473050847457627,-1.494406779661017,-1.274237288135593,587.555172413793,54.72758620689655,-10.317241379310344,3.707586206896552,131788.37931034484,2.555172413793103,0.7524137931034482,254.50655172413792,66.34344827586207,10.857241379310343,12.334237288135594,0.2723728813559322,-76.0
2025-06-03 16:00:00,2025.0,154.0,16.0,7.155438596491228,5.196666666666666,2.923508771929825,3.022456140350877,3.3096491228070177,581.5333333333333,57.31212121212121,9.4,3.974545454545455,120123.39393939394,2.6884848484848485,-1.8134375,254.53454545454545,66.25999999999999,10.862727272727271,12.539649122807017,-0.241578947368421,-70.0
2025-06-03 17:00:00,2025.0,154.0,17.0,6.130833333333333,5.548,-0.0718333333333333,1.5585,1.5226666666666666,566.2581818181818,23.614545454545453,-0.9327272727272726,5.434181818181818,118595.8,3.477090909090909,-0.8285454545454546,254.57836363636363,66.13709090909092,10.871272727272729,12.066666666666666,-0.002,-64.0
2025-06-03 18:00:00,2025.0,154.0,18.0,6.215227272727272,4.903863636363637,0.8109090909090909,3.3856818181818182,3.4752272727272726,565.6833333333334,25.86111111111111,8.633333333333333,4.829444444444444,186106.5555555556,3.09,-1.60625,254.615,66.01666666666667,10.88,12.337954545454544,-0.2265909090909091,-61.0
2025-06-03 19:00:00,2025.0,154.0,19.0,6.258979591836734,4.755918367346939,-0.666734693877551,3.7377551020408166,3.4683673469387752,561.6891891891892,14.197297297297297,14.55945945945946,5.044054054054054,190835.13513513515,3.1824324324324325,-1.858888888888889,254.6316216216216,65.94891891891892,10.888108108108108,12.303061224489795,-0.3212244897959184,-58.0
2025-06-03 20:00:00,2025.0,154.0,20.0,7.030175438596491,4.720000000000001,-2.619824561403509,4.262280701754386,3.4071929824561407,553.2446808510638,-5.861702127659575,14.887234042553192,4.9453191489361705,136048.0,3.029148936170213,-1.8491304347826087,254.6678723404256,65.82340425531915,10.89872340425532,12.45719298245614,-0.3519298245614035,-55.0
2025-06-03 21:00:00,2025.0,154.0,21.0,6.726779661016949,3.7435593220338985,0.1640677966101695,5.145084745762712,4.979152542372881,557.9560975609756,12.558536585365854,15.165853658536584,5.045609756097561,137105.46341463414,3.140731707317073,-2.758,254.71024390243903,65.71341463414635,10.904878048780487,12.340338983050849,-0.3223728813559322,-51.0
2025-06-03 22:00:00,2025.0,154.0,22.0,5.9535593220338985,2.1635593220338984,-1.0316949152542372,4.02593220338983,3.5520338983050848,557.0848484848484,1.8454545454545448,4.348484848484849,5.864242424242424,154236.0,3.647575757575758,-1.7793939393939393,254.74,65.60757575757576,10.914848484848484,12.055762711864404,-0.0430508474576271,-43.0
2025-06-03 23:00:00,2025.0,154.0,23.0,5.1315,2.191333333333333,-1.0095,2.8261666666666665,2.419,551.9270833333334,6.710416666666667,2.829166666666667,6.301666666666667,175957.89583333334,3.835,-1.4891666666666667,254.7697916666667,65.505,10.923333333333332,11.8965,0.0164999999999999,-37.0
2025-06-04 00:00:00,2025.0,155.0,0.0,5.0,2.6526666666666667,-0.9255,2.312,1.979833333333333,544.4488888888889,3.76,-0.4777777777777778,6.518,191376.6222222222,3.8657777777777778,-1.0951111111111111,254.7991111111111,65.394,10.934,11.899833333333332,-0.0046666666666666,-32.0
2025-06-04 01:00:00,2025.0,155.0,1.0,5.234666666666667,1.2716666666666667,-1.6729999999999998,4.138833333333333,3.590333333333333,550.4162162162163,1.4324324324324325,11.78108108108108,6.7308108108108105,175871.05405405405,4.082972972972973,-2.089189189189189,254.84459459459453,65.25243243243244,10.942972972972973,11.9125,-0.2711666666666666,-28.0
2025-06-04 02:00:00,2025.0,155.0,2.0,4.386779661016949,0.7213559322033899,0.9233898305084748,-0.4493220338983051,-0.2576271186440678,550.005,9.3675,-5.485,7.412999999999999,204773.65,4.479,-0.2974358974358974,254.88175,65.15025,10.9495,11.40915254237288,0.1301694915254237,-23.0
2025-06-04 03:00:00,2025.0,155.0,3.0,4.845,1.3160344827586206,1.0386206896551724,-2.118793103448276,-1.873448275862069,546.9131578947369,7.226315789473685,-11.65,7.337105263157895,203924.2105263158,4.396315789473684,0.8707894736842107,254.9073684210526,65.05736842105263,10.958157894736845,11.382241379310344,0.261551724137931,-24.0
2025-06-04 04:00:00,2025.0,155.0,4.0,5.968214285714285,3.3994642857142856,-2.9419642857142856,-3.144821428571429,-3.492857142857143,543.7325581395348,-7.932558139534884,-13.374418604651163,5.959767441860465,218703.6279069768,3.5204651162790697,1.9530232558139533,254.9386046511628,64.94093023255815,10.967674418604652,11.643571428571429,0.2939285714285714,-30.0
2025-06-04 05:00:00,2025.0,155.0,5.0,7.161525423728813,2.137627118644068,-5.60135593220339,-2.075084745762712,-2.5661016949152544,551.6,-25.185454545454547,-11.15090909090909,5.716727272727273,249274.47272727272,3.4794545454545456,1.398888888888889,254.97127272727272,64.81636363636363,10.980181818181816,11.862881355932204,0.2152542372881355,-36.0
2025-06-04 06:00:00,2025.0,155.0,6.0,7.139661016949153,3.7767796610169495,-2.7466101694915257,1.6094915254237288,1.4633898305084747,546.6904761904761,-14.123809523809523,-3.9928571428571424,5.705,299123.4761904762,3.410238095238095,-0.665,255.00785714285715,64.69952380952381,10.99,12.133559322033898,0.0762711864406779,-42.0
2025-06-04 07:00:00,2025.0,155.0,7.0,6.473508771929825,5.514385964912281,0.932280701754386,-1.933859649122807,-1.9177192982456144,532.6882352941177,28.094117647058823,-14.31470588235294,5.5926470588235295,334073.67647058825,3.182352941176471,0.98,255.045,64.60117647058824,10.993529411764706,12.129824561403508,0.3828070175438596,-38.0
2025-06-04 08:00:00,2025.0,155.0,8.0,6.841228070175438,1.3857894736842105,-2.874561403508772,-1.032280701754386,-0.9840350877192982,560.6568181818183,-8.590909090909092,2.972727272727272,4.800454545454546,297403.6590909091,3.013409090909091,0.276046511627907,255.07818181818183,64.48681818181818,11.004090909090907,12.071403508771931,-0.0182456140350877,-35.0
2025-06-04 09:00:00,2025.0,155.0,9.0,7.72135593220339,4.243389830508475,-3.352881355932204,-3.3603389830508474,-3.222542372881356,541.3720930232558,-22.8953488372093,-10.504651162790696,5.14093023255814,364488.4186046512,3.012790697674419,1.4069767441860466,255.10651162790697,64.37441860465115,11.014651162790695,11.968305084745763,0.276271186440678,-36.0
2025-06-04 10:00:00,2025.0,155.0,10.0,8.085087719298246,4.145438596491228,-2.953859649122807,-4.980526315789473,-4.820877192982456,538.6222222222223,-21.33333333333333,-9.197222222222225,4.298611111111111,291138.6666666667,2.4875,2.418055555555556,255.13472222222225,64.26944444444445,11.023333333333332,12.199122807017543,0.216140350877193,-47.0
2025-06-04 11:00:00,2025.0,155.0,11.0,8.497166666666667,5.332666666666666,-2.074,-5.1770000000000005,-5.0565,568.0475,1.1525,-10.7625,3.69875,210881.5,2.3965,2.96925,255.16575,64.16,11.03375,12.215833333333334,0.1391666666666666,-52.0
2025-06-04 12:00:00,2025.0,155.0,12.0,9.32280701754386,4.702280701754385,-5.368771929824561,-1.873157894736842,-1.642280701754386,584.1976744186046,-9.14186046511628,25.41395348837209,4.0523255813953485,216724.9534883721,2.769767441860465,0.6360975609756098,255.2193023255814,64.00744186046512,11.04,12.199298245614036,-0.4384210526315789,-50.0
2025-06-04 13:00:00,2025.0,155.0,13.0,8.915593220338982,5.495084745762711,-4.396101694915254,-0.4611864406779661,-0.3640677966101694,578.2763157894736,4.471052631578948,21.29736842105263,4.1978947368421045,199695.76315789475,2.810263157894737,0.5494736842105263,255.24552631578948,63.913947368421056,11.04657894736842,12.306101694915254,-0.5108474576271187,-54.0
2025-06-04 14:00:00,2025.0,155.0,14.0,10.761864406779662,6.596440677966101,-3.1942372881355934,-0.1305084745762712,-0.1844067796610169,614.55,14.212,17.512,6.0686,314046.1,4.7134,0.1784,255.2834,63.776,11.0582,11.578983050847455,-0.4233898305084745,-44.0
2025-06-04 15:00:00,2025.0,155.0,15.0,12.682631578947367,4.82842105263158,-6.800175438596492,-5.473859649122807,-5.803508771929825,663.7744186046511,-12.397674418604652,-49.32093023255814,7.426511627906976,501956.3953488372,6.562558139534883,3.325714285714286,255.3174418604651,63.64418604651162,11.07046511627907,10.32736842105263,0.9603508771929824,-44.0
2025-06-04 16:00:00,2025.0,155.0,16.0,9.599166666666669,1.1518333333333333,-0.1436666666666666,-0.3863333333333333,-0.3396666666666667,679.7944444444445,-25.89814814814815,-41.82962962962964,5.425925925925926,228762.5555555556,4.9568518518518525,0.1059259259259259,255.35333333333327,63.50888888888889,11.08148148148148,11.333833333333333,0.6726666666666666,-50.0
2025-06-04 17:00:00,2025.0,155.0,17.0,8.238999999999999,0.121,5.1605,0.5761666666666667,1.3213333333333332,725.0435897435898,14.8,-4.994871794871794,6.610769230769231,110699.71794871795,6.925897435897436,-1.0697435897435896,255.3907692307692,63.39179487179488,11.09,10.819833333333332,0.0806666666666666,-35.0
2025-06-04 18:00:00,2025.0,155.0,18.0,8.171833333333334,-6.354833333333334,2.1805,2.6021666666666667,2.957666666666667,772.3842105263158,5.728070175438597,7.7596491228070175,6.4571929824561405,77018.14035087719,7.671403508771929,-2.295263157894737,255.4315789473684,63.27192982456141,11.097543859649122,10.7525,-0.1005,-26.0
2025-06-04 19:00:00,2025.0,155.0,19.0,7.965,-7.551363636363636,1.4175,1.856363636363636,2.133636363636364,806.8325,-2.5025,10.7525,4.23975,89736.1,5.5207500000000005,-1.75275,255.45675,63.1795,11.106,11.257727272727273,-0.1443181818181818,-30.0
2025-06-04 20:00:00,2025.0,155.0,20.0,7.057211538461538,-6.6998688811188805,0.7577403846153845,1.3220804195804194,1.448881118881119,787.8902840909091,-3.760965909090909,8.150738636363636,3.908676136363636,83468.57500000001,4.91965340909091,-1.202971590909091,255.5000625,63.03007954545454,11.117,11.467718531468533,-0.1117001748251747,-31.0
2025-06-04 21:00:00,2025.0,155.0,21.0,6.149423076923076,-5.848374125874125,0.097980769230769,0.7877972027972027,0.7641258741258743,768.9480681818181,-5.019431818181818,5.548977272727273,3.5776022727272725,77201.05,4.318556818181818,-0.653193181818182,255.543375,62.88065909090909,11.128,11.67770979020979,-0.0790821678321677,-36.0
2025-06-04 22:00:00,2025.0,155.0,22.0,5.241634615384616,-4.996879370629371,-0.5617788461538464,0.2535139860139859,0.0793706293706293,750.0058522727272,-6.2778977272727285,2.947215909090909,3.246528409090909,70933.525,3.717460227272728,-0.1034147727272729,255.5866875,62.73123863636364,11.139,11.887701048951048,-0.0464641608391607,-35.0
2025-06-04 23:00:00,2025.0,155.0,23.0,4.333846153846154,-4.145384615384615,-1.2215384615384617,-0.2807692307692307,-0.6053846153846154,731.0636363636363,-7.536363636363637,0.3454545454545455,2.915454545454545,64666.0,3.1163636363636367,0.4463636363636363,255.63,62.58181818181818,11.15,12.097692307692306,-0.0138461538461538,-32.0
2025-06-05 00:00:00,2025.0,156.0,0.0,4.1315,-3.969333333333333,-0.6880000000000001,-0.7043333333333333,-0.8635,730.7425925925926,0.3370370370370371,-5.044444444444444,2.225555555555556,58859.53703703704,2.3770370370370366,0.637037037037037,255.6464814814815,62.51444444444445,11.151666666666667,12.514833333333334,0.0758333333333333,-35.0
2025-06-05 01:00:00,2025.0,156.0,1.0,4.128666666666667,-4.008666666666667,-0.4176666666666666,-0.8516666666666667,-0.9263333333333332,711.8267857142857,6.675,-1.6375,1.6239285714285714,57860.80357142857,1.6457142857142857,0.6537499999999999,255.67839285714285,62.3975,11.16160714285714,13.212,0.0278333333333333,-37.0
2025-06-05 02:00:00,2025.0,156.0,2.0,4.636,-4.485666666666666,-0.9326666666666666,0.0636666666666666,-0.128,701.1654545454545,6.94,7.163636363636364,1.6936363636363638,64504.72727272727,1.6654545454545453,0.0834545454545454,255.70927272727272,62.27509090909091,11.174181818181818,13.341166666666668,-0.1333333333333333,-39.0
2025-06-05 03:00:00,2025.0,156.0,3.0,5.026333333333333,-4.8725000000000005,-0.9516666666666668,0.5579999999999999,0.3858333333333333,710.1403846153846,-9.390384615384615,8.867307692307692,2.3259615384615384,91551.40384615384,2.345192307692308,-0.2596153846153846,255.73711538461532,62.174807692307695,11.18,12.699333333333334,-0.15,-35.0
2025-06-05 04:00:00,2025.0,156.0,4.0,5.800166666666667,-5.193333333333333,0.242,2.5076666666666667,2.5166666666666666,706.8914893617022,-1.5574468085106383,18.28723404255319,2.2717021276595744,73751.78723404255,2.2706382978723405,-1.7772340425531916,255.7612765957447,62.07617021276596,11.188936170212768,12.815833333333334,-0.3368333333333334,-31.0
2025-06-05 05:00:00,2025.0,156.0,5.0,4.438666666666666,-0.0463333333333333,0.4838333333333333,-0.0791666666666666,-0.0251666666666666,668.3765957446809,0.3744680851063829,3.2148936170212763,3.837021276595745,134145.04255319148,3.39468085106383,-0.2004255319148936,255.7865957446808,61.981914893617024,11.196170212765958,11.929833333333333,-0.041,-20.0
2025-06-05 06:00:00,2025.0,156.0,6.0,4.197017543859649,-2.807543859649123,-0.3224561403508771,2.705964912280702,2.6805263157894736,673.6365853658536,-6.139024390243903,17.51951219512195,4.159756097560976,149997.8780487805,3.77390243902439,-1.8231707317073167,255.81439024390244,61.87317073170732,11.205853658536585,11.909122807017544,-0.3005263157894736,-17.0
2025-06-05 07:00:00,2025.0,156.0,7.0,3.617457627118644,-2.531694915254237,-0.381864406779661,1.2654237288135592,1.2652542372881357,671.1722222222222,7.7666666666666675,3.3916666666666666,5.137777777777778,143819.05555555556,4.626666666666667,-0.9794444444444445,255.8436111111112,61.78194444444445,11.21,11.384915254237288,-0.0822033898305084,-16.0
2025-06-05 08:00:00,2025.0,156.0,8.0,3.9098305084745766,-3.7181355932203393,0.1638983050847457,0.7316949152542374,0.7232203389830508,679.7549019607843,17.56078431372549,-1.5588235294117647,4.533921568627451,163152.49019607843,4.189803921568628,-0.4749019607843137,255.8778431372549,61.6843137254902,11.212549019607843,11.660338983050847,0.0333898305084745,-15.0
2025-06-05 09:00:00,2025.0,156.0,9.0,2.864,-2.285333333333333,-0.159,0.2093333333333333,0.2178333333333333,660.2980769230769,8.628846153846153,-2.2365384615384616,3.380576923076923,193897.42307692303,2.959230769230769,-0.1732692307692307,255.92115384615383,61.52,11.227307692307694,12.362833333333333,0.037,-17.0
2025-06-05 10:00:00,2025.0,156.0,10.0,3.4243333333333337,-2.2896666666666667,0.0046666666666666,-0.0328333333333333,-0.032,653.8325,11.575,5.1850000000000005,2.84425,168961.325,2.43725,-0.10175,255.9535,61.3965,11.2345,12.5835,-0.1011666666666666,-20.0
2025-06-05 11:00:00,2025.0,156.0,11.0,5.080169491525424,-4.821694915254238,-0.155593220338983,1.0111864406779665,1.0189830508474575,653.4625,10.558333333333332,17.395833333333332,2.9320833333333334,108297.625,2.49625,-0.5170833333333333,255.9895833333333,61.25375,11.249166666666667,12.703389830508474,-0.4164406779661017,-17.0
2025-06-05 12:00:00,2025.0,156.0,12.0,4.3308620689655175,0.558103448275862,-0.2296551724137931,1.2134482758620688,1.225689655172414,579.7473684210527,14.960526315789474,6.1,3.172894736842105,140943.65789473685,2.1021052631578945,-0.591842105263158,256.0165789473684,61.15052631578947,11.255,12.904655172413792,-0.1389655172413793,-13.0
2025-06-05 13:00:00,2025.0,156.0,13.0,3.767543859649123,0.1273684210526316,0.9050877192982456,0.671578947368421,0.6356140350877193,593.066,14.784,6.796,3.6388,150014.74,2.5927999999999995,-0.359375,256.0476,61.0316,11.2654,12.591929824561404,-0.1507017543859649,-12.0
2025-06-05 14:00:00,2025.0,156.0,14.0,3.167666666666667,2.5998333333333337,0.417,0.0866666666666666,0.0853333333333333,605.2847826086957,1.452173913043478,5.0630434782608695,6.495434782608696,69769.63043478261,4.760652173913043,-0.0915217391304347,256.085,60.88369565217391,11.275652173913045,11.403833333333331,-0.0963333333333333,-8.0
2025-06-05 15:00:00,2025.0,156.0,15.0,2.2395,0.8856666666666667,0.6558333333333334,0.3631666666666666,0.4,598.5586956521739,1.4108695652173917,12.947826086956525,5.064347826086957,102987.10869565218,3.628478260869565,-0.2508695652173913,256.12739130434784,60.76021739130434,11.28,11.942166666666669,-0.258,-12.0
2025-06-05 16:00:00,2025.0,156.0,16.0,2.6733898305084742,0.5879661016949153,0.2093220338983051,1.0752542372881355,1.080677966101695,589.6888888888889,0.6694444444444444,14.075,3.617777777777778,164541.47222222222,2.535,-0.4417142857142857,256.1502777777778,60.68555555555555,11.281944444444443,12.740169491525425,-0.3594915254237288,-18.0
2025-06-05 17:00:00,2025.0,156.0,17.0,4.2645,0.145,-1.028,-0.0453333333333333,-0.1886666666666666,574.9948275862068,-7.084482758620689,3.389655172413793,2.947241379310345,177007.62068965516,1.949482758620689,0.1262068965517241,256.1784482758621,60.57568965517241,11.29396551724138,13.006833333333333,-0.0925,-14.0
2025-06-05 18:00:00,2025.0,156.0,18.0,3.753050847457627,2.093559322033898,0.9103389830508476,0.4625423728813559,0.6293220338983051,591.6872340425532,15.24255319148936,9.61063829787234,5.13404255319149,141137.31914893616,3.611276595744681,-0.4008510638297872,256.2246808510638,60.39914893617022,11.3068085106383,11.950338983050848,-0.191186440677966,-8.0
2025-06-05 19:00:00,2025.0,156.0,19.0,4.842833333333333,4.3815,1.743,-0.0599999999999999,0.3304999999999999,582.3423728813559,11.142372881355932,6.7,4.537118644067797,105124.72881355933,3.0947457627118644,-0.1915254237288135,256.26,60.25559322033898,11.317118644067795,12.218666666666667,-0.1323333333333333,-8.0
2025-06-05 20:00:00,2025.0,156.0,20.0,3.0197872340425533,2.08872340425532,-0.0863829787234042,1.134468085106383,1.0725531914893618,583.5028571428571,11.402857142857144,6.525714285714286,5.4,123282.31428571428,3.684,-0.4712121212121212,256.29285714285714,60.12428571428571,11.329142857142855,11.91531914893617,-0.1502127659574468,-2.0
2025-06-05 21:00:00,2025.0,156.0,21.0,2.536833333333333,1.1251666666666666,-0.3646666666666666,1.1801666666666668,1.0371666666666666,572.128,17.028,3.662,4.916,109797.66,3.2182,-0.5914,256.3138,60.0442,11.333,12.172166666666667,-0.0941666666666666,-2.0
2025-06-05 22:00:00,2025.0,156.0,22.0,3.1861666666666664,2.4406666666666665,-0.5971666666666666,-0.2718333333333333,-0.4276666666666667,552.0436363636364,14.76,0.6290909090909091,3.7378181818181817,143907.16363636364,2.285272727272728,0.2403636363636363,256.34,59.9369090909091,11.341272727272727,12.791833333333331,-0.0218333333333333,-8.0
2025-06-05 23:00:00,2025.0,156.0,23.0,3.7468333333333335,3.2955,-0.1281666666666666,-0.3196666666666666,-0.3425,532.4232558139535,10.048837209302324,-0.4558139534883721,3.2576744186046507,197765.6976744186,1.847441860465116,0.1972093023255814,256.3704651162791,59.81860465116279,11.348372093023254,13.1945,0.0088333333333333,-10.0
2025-06-06 00:00:00,2025.0,157.0,0.0,4.043,3.220833333333333,-1.378,0.186,-0.1731666666666666,529.7520833333333,-3.333333333333333,4.766666666666667,3.1195833333333334,181390.2708333333,1.75,0.1075,256.4008333333333,59.710625,11.3575,13.345833333333331,-0.1686666666666666,-9.0
2025-06-06 01:00:00,2025.0,157.0,1.0,4.200833333333334,2.9498333333333333,-2.7085,0.8085,0.153,524.5358974358975,-8.884615384615385,18.146153846153847,2.842820512820513,152227.41025641025,1.5646153846153847,-0.0574358974358974,256.44307692307694,59.59282051282051,11.36,13.634,-0.4598333333333333,-13.0
2025-06-06 02:00:00,2025.0,157.0,2.0,4.04,0.25525,-2.8565,1.936,1.31125,541.9620689655172,-12.989655172413793,30.848275862068967,2.683448275862069,117960.20689655172,1.5758620689655174,-0.4419230769230769,256.46827586206894,59.48862068965518,11.368620689655172,13.56675,-0.83675,-14.0
2025-06-06 03:00:00,2025.0,157.0,3.0,4.215294117647058,2.262156862745098,-2.61843137254902,0.118235294117647,-0.3011764705882352,517.5744186046512,-10.295348837209302,17.727906976744183,2.762325581395349,115007.83720930232,1.4786046511627906,0.4292857142857143,256.5013953488372,59.35744186046512,11.377209302325582,13.586666666666666,-0.5494117647058824,-16.0
2025-06-06 04:00:00,2025.0,157.0,4.0,3.8041379310344814,2.262586206896552,-1.8456896551724136,0.0129310344827586,-0.211551724137931,513.431914893617,-10.86595744680851,21.170212765957448,2.9202127659574466,131595.95744680852,1.5391489361702129,0.2634782608695652,256.5306382978723,59.23531914893617,11.387021276595746,13.53551724137931,-0.6822413793103448,-14.0
2025-06-06 05:00:00,2025.0,157.0,5.0,4.3294,3.3172,-2.3688,-0.7686,-0.9542,499.7368421052632,-18.39210526315789,12.007894736842106,3.0507894736842105,119471.3947368421,1.5221052631578948,0.3249999999999999,256.55894736842106,59.12657894736842,11.392894736842106,13.5592,-0.3092,-14.0
2025-06-06 06:00:00,2025.0,157.0,6.0,4.394666666666667,2.99,-2.273333333333333,-0.8336666666666666,-0.9153333333333332,494.7913043478261,-11.502173913043478,12.884782608695652,3.1019565217391305,104728.04347826086,1.5154347826086956,0.3856521739130434,256.5876086956522,59.01304347826087,11.403478260869566,13.543666666666669,-0.3498333333333333,-17.0
2025-06-06 07:00:00,2025.0,157.0,7.0,4.777833333333334,4.228666666666666,-1.4218333333333333,-1.2213333333333334,-1.2283333333333333,477.902380952381,-5.557142857142857,8.95,3.261190476190476,107806.40476190476,1.4888095238095238,0.6395238095238095,256.6176190476191,58.89119047619048,11.41,13.536,-0.2498333333333333,-21.0
2025-06-06 08:00:00,2025.0,157.0,8.0,4.971166666666666,4.780833333333334,-0.3751666666666667,-1.0228333333333333,-1.011,472.77608695652174,2.6739130434782608,12.873913043478264,3.585217391304348,93825.06521739133,1.6017391304347826,0.4376086956521739,256.64195652173913,58.792391304347824,11.419782608695652,13.376833333333334,-0.378,-17.0
2025-06-06 09:00:00,2025.0,157.0,9.0,4.8738983050847455,3.798135593220339,-1.724915254237288,-1.8542372881355933,-1.7545762711864406,475.038,-11.844,1.5219999999999998,3.7112,84347.3,1.6726,0.8058,256.66720000000004,58.6884,11.4274,13.203050847457629,-0.0188135593220338,-16.0
2025-06-06 10:00:00,2025.0,157.0,10.0,5.028833333333334,3.3845,-2.5900000000000003,-2.2165000000000004,-2.0378333333333334,475.3803921568628,-12.349019607843136,-3.458823529411765,3.880980392156863,92728.86274509804,1.7498039215686274,1.0447058823529412,256.69803921568626,58.56392156862746,11.435294117647056,13.064166666666669,0.0505,-18.0
2025-06-06 11:00:00,2025.0,157.0,11.0,5.011,4.711166666666667,-1.4295,0.5636666666666666,0.6593333333333333,460.7227272727272,-2.875,24.26590909090909,4.539090909090909,79557.93181818182,1.9272727272727272,-0.3088636363636363,256.7290909090909,58.45,11.44181818181818,13.175333333333333,-0.6691666666666667,-19.0
2025-06-06 12:00:00,2025.0,157.0,12.0,4.458333333333333,3.3603333333333336,-0.6,1.102833333333333,1.1361666666666668,461.9415094339623,1.369811320754717,26.513207547169813,4.714905660377358,85299.09433962264,2.0143396226415096,-0.5337735849056604,256.77924528301884,58.2777358490566,11.452830188679243,13.062333333333331,-0.7808333333333334,-18.0
2025-06-06 13:00:00,2025.0,157.0,13.0,4.236,2.7896666666666667,1.1065,2.0461666666666667,2.006666666666667,457.2563636363636,10.66909090909091,30.89272727272727,4.582727272727273,81020.81818181818,1.9154545454545453,-0.93,256.832,58.09109090909092,11.461272727272728,13.210833333333332,-0.9,-15.0
2025-06-06 14:00:00,2025.0,157.0,14.0,4.4125,4.074166666666667,-0.6631666666666667,0.1641666666666666,0.1635,456.4791666666667,1.1729166666666668,20.78125,5.972291666666667,93290.66666666669,2.490416666666667,-0.0541666666666666,256.8641666666667,57.95166666666666,11.469583333333334,12.636333333333337,-0.5901666666666667,-11.0
2025-06-06 15:00:00,2025.0,157.0,15.0,3.9545,2.6383333333333336,0.2103333333333333,2.4506666666666663,2.4585,456.5,-0.8386363636363636,28.45,5.241818181818181,80889.93181818182,2.185,-1.1688636363636364,256.8859090909091,57.86363636363637,11.479545454545455,12.956166666666666,-0.7851666666666667,-8.0
2025-06-06 16:00:00,2025.0,157.0,16.0,3.731509433962264,1.589245283018868,-0.3315094339622642,2.571320754716981,2.5284905660377355,445.81944444444446,-8.322222222222223,26.077777777777776,4.473055555555556,70728.25,1.78,-0.9279411764705884,256.905,57.77916666666667,11.481944444444444,13.349811320754716,-0.8111320754716982,-5.0
2025-06-06 17:00:00,2025.0,157.0,17.0,4.477543859649122,2.7773684210526315,-2.4826315789473683,-1.827719298245614,-2.1452631578947368,437.5119047619048,-18.454761904761902,4.502380952380952,4.591904761904762,64311.71428571428,1.7592857142857143,0.8304878048780487,256.9359523809524,57.65904761904761,11.491666666666667,13.201578947368422,-0.0843859649122806,-6.0
2025-06-06 18:00:00,2025.0,157.0,18.0,4.66,0.2632203389830508,-3.118983050847458,-0.8005084745762712,-1.351186440677966,447.41132075471694,-18.437735849056605,10.29433962264151,6.387735849056604,67578.96226415095,2.561698113207547,0.7621153846153846,256.97396226415094,57.503584905660375,11.503018867924528,12.48322033898305,-0.3486440677966101,-3.0
2025-06-06 19:00:00,2025.0,157.0,19.0,4.882068965517242,1.598793103448276,-3.668793103448276,0.3003448275862069,-0.5048275862068966,440.1277777777778,-38.00833333333333,13.252777777777776,5.8758333333333335,55545.38888888889,2.281111111111111,0.4091428571428571,257.0030555555556,57.37888888888889,11.51,12.837241379310344,-0.4725862068965517,-4.0
2025-06-06 20:00:00,2025.0,157.0,20.0,5.152586206896552,3.639137931034482,-2.589827586206897,-2.1310344827586207,-2.7006896551724138,429.5098039215686,-30.7078431372549,1.1588235294117648,6.016666666666668,60540.294117647056,2.22,1.1393877551020408,257.0260784313725,57.279607843137256,11.518235294117646,12.661551724137931,-0.0279310344827586,-2.0
2025-06-06 21:00:00,2025.0,157.0,21.0,5.2675,3.4978333333333333,-3.752333333333333,-0.525,-1.5018333333333334,418.99298245614034,-35.74736842105263,12.175438596491228,5.932982456140351,48921.89473684211,2.08578947368421,0.634561403508772,257.05824561403506,57.148421052631576,11.525964912280704,13.048666666666666,-0.3755,-3.0
2025-06-06 22:00:00,2025.0,157.0,22.0,5.568833333333333,3.8561666666666654,-3.749333333333333,-1.1298333333333337,-2.1045,401.39047619047625,-43.48571428571429,9.36904761904762,5.355952380952381,30020.14285714286,1.7266666666666666,0.8814285714285715,257.0895238095238,57.01928571428572,11.537857142857142,13.347333333333331,-0.3244999999999999,-6.0
2025-06-06 23:00:00,2025.0,157.0,23.0,5.425166666666667,4.013833333333333,-3.5603333333333333,0.1373333333333333,-0.8163333333333332,394.53636363636366,-45.81818181818182,22.852727272727275,5.053272727272727,26135.21818181818,1.5732727272727274,0.327090909090909,257.1152727272727,56.91636363636364,11.543090909090909,13.665333333333333,-0.8013333333333333,-5.0
2025-06-07 00:00:00,2025.0,158.0,0.0,5.153666666666666,3.329833333333333,-3.5596666666666668,1.3858333333333337,0.4496666666666666,392.9578947368421,-45.29736842105263,29.860526315789475,5.855526315789473,25455.315789473683,1.8094736842105263,-0.2605263157894737,257.1531578947368,56.792631578947365,11.55,13.507333333333332,-1.0056666666666667,-3.0
2025-06-07 01:00:00,2025.0,158.0,1.0,5.824666666666667,2.645,-4.836333333333333,1.448,0.3223333333333333,402.5204545454546,-49.92727272727273,22.75454545454545,7.569318181818182,24628.75,2.466818181818182,-0.0654545454545454,257.19136363636363,56.65977272727273,11.55318181818182,12.928833333333332,-0.7871666666666666,4.0
2025-06-07 02:00:00,2025.0,158.0,2.0,7.502499999999999,3.4003333333333337,-5.974,2.5616666666666665,1.3533333333333333,401.7087719298246,-56.67368421052632,17.717543859649123,10.622456140350875,25353.22807017544,3.429649122807018,-0.5364912280701755,257.22526315789474,56.5161403508772,11.56578947368421,12.2465,-0.539,5.0
2025-06-07 03:00:00,2025.0,158.0,3.0,8.1575,5.081833333333334,-6.1815,1.1463333333333334,0.1708333333333333,396.119298245614,-55.36140350877193,11.552631578947368,11.499298245614035,21045.280701754386,3.608771929824561,-0.057719298245614,257.2554385964912,56.395438596491225,11.571754385964914,12.1745,-0.3558333333333333,6.0
2025-06-07 04:00:00,2025.0,158.0,4.0,8.759333333333332,5.897833333333334,-5.849500000000001,-2.1751666666666667,-2.837333333333333,389.5018181818182,-57.90909090909091,1.021818181818182,10.543454545454546,19948.454545454544,3.1992727272727275,1.1345454545454543,257.2825454545454,56.27490909090909,11.58,12.0725,-0.0418333333333333,5.0
2025-06-07 05:00:00,2025.0,158.0,5.0,8.58,5.490333333333334,-4.523666666666667,-4.037333333333334,-4.3475,393.23157894736846,-48.50526315789474,-5.435087719298246,13.24438596491228,27303.052631578947,4.0931578947368426,1.6733333333333331,257.3147368421053,56.14701754385965,11.588596491228069,11.368,0.1651666666666666,2.0
2025-06-07 06:00:00,2025.0,158.0,6.0,9.801666666666668,2.204833333333333,3.990666666666667,2.7670000000000003,2.873166666666667,402.11698113207547,-39.20566037735849,10.843396226415097,17.98433962264151,59913.377358490565,5.817169811320754,-1.0977358490566038,257.35056603773586,56.000754716981135,11.59754716981132,11.183333333333334,-0.2968333333333333,-1.0
2025-06-07 07:00:00,2025.0,158.0,7.0,7.8925,1.6248214285714284,2.2123214285714288,-5.285714285714286,-5.298035714285715,403.2078431372549,-28.919607843137257,-11.954901960784314,13.848627450980391,49261.52941176471,4.483137254901961,2.2802,257.3819607843137,55.86176470588235,11.608627450980393,10.982321428571428,0.335,1.0
2025-06-07 08:00:00,2025.0,158.0,8.0,8.636,1.7165,0.1649999999999999,-7.978166666666667,-7.959166666666666,414.96491228070175,-33.71228070175439,5.449122807017544,12.715438596491229,57534.80701754386,4.377894736842105,3.2985964912280705,257.409298245614,55.74421052631579,11.615263157894736,10.6985,-0.1481666666666666,-5.0
2025-06-07 09:00:00,2025.0,158.0,9.0,6.546833333333334,2.0585,-4.0125,-1.2013333333333334,-0.945,420.3568181818182,-20.35909090909091,4.243181818181818,10.160681818181818,53573.795454545456,3.572272727272728,0.2375,257.43954545454545,55.617045454545455,11.623636363636365,11.958,-0.128,-29.0
2025-06-07 10:00:00,2025.0,158.0,10.0,10.072542372881356,3.776271186440678,-8.285762711864407,4.231525423728813,4.832203389830509,422.1018518518519,-7.383333333333333,2.5037037037037035,6.252407407407407,26077.962962962964,2.225925925925926,-2.0477777777777777,257.46537037037035,55.50722222222222,11.630000000000004,13.343050847457627,-0.0735593220338983,-41.0
2025-06-07 11:00:00,2025.0,158.0,11.0,8.839655172413794,2.456896551724138,-5.877068965517242,5.371379310344828,5.800862068965517,418.1431818181818,-12.829545454545457,4.886363636363637,10.646818181818182,49041.36363636364,3.692727272727272,-2.421136363636364,257.4965909090909,55.37522727272728,11.63818181818182,12.288620689655172,-0.1463793103448276,-20.0
2025-06-07 12:00:00,2025.0,158.0,12.0,9.692982456140353,3.5107017543859653,-5.884912280701754,5.014912280701755,5.370877192982456,424.6195652173913,-8.815217391304348,11.478260869565217,10.477173913043478,41253.52173913043,3.7269565217391305,-2.2546666666666666,257.5284782608696,55.24,11.65,12.407719298245617,-0.3361403508771929,-12.0
2025-06-07 13:00:00,2025.0,158.0,13.0,11.652833333333332,6.964,-9.171166666666666,0.0001666666666666,0.391,427.41525423728814,-7.486440677966102,6.838983050847458,5.791355932203389,16606.694915254237,2.121694915254237,-0.1632203389830508,257.55593220338983,55.12101694915254,11.65677966101695,13.4685,-0.2136666666666666,-16.0
2025-06-07 14:00:00,2025.0,158.0,14.0,11.906666666666666,6.973,-9.514,-0.4664999999999999,-0.3739999999999999,427.15686274509807,-11.91372549019608,9.31372549019608,5.505490196078431,16987.56862745098,2.0094117647058822,0.1609803921568627,257.5976470588235,54.99568627450981,11.66,13.569333333333333,-0.2905,-21.0
2025-06-07 15:00:00,2025.0,158.0,15.0,12.0255,7.726833333333333,-8.761500000000002,-1.811,-2.080833333333333,421.5245283018868,-9.784905660377358,3.616981132075472,5.976981132075471,16762.849056603773,2.122452830188679,0.95,257.6279245283019,54.873773584905656,11.663962264150944,13.229666666666668,-0.1448333333333333,-23.0
2025-06-07 16:00:00,2025.0,158.0,16.0,12.031833333333331,7.0968333333333335,-9.477666666666666,-0.8350000000000001,-1.584666666666667,424.26964285714286,-18.494642857142857,10.276785714285714,6.336785714285715,16809.178571428572,2.282857142857143,0.7073214285714285,257.6605357142857,54.74053571428571,11.674642857142857,13.210333333333333,-0.3471666666666666,-24.0
2025-06-07 17:00:00,2025.0,158.0,17.0,12.259666666666668,7.739833333333333,-8.534166666666666,-3.4235,-4.4835,422.5224489795918,-19.642857142857142,4.818367346938776,7.790816326530612,18052.85714285714,2.783061224489796,1.92,257.6889795918368,54.61020408163265,11.682857142857143,12.395833333333334,-0.1349999999999999,-23.0
2025-06-07 18:00:00,2025.0,158.0,18.0,12.702666666666666,7.421,-10.002666666666666,-0.75,-2.4686666666666666,428.4357142857143,-28.44107142857143,12.63035714285714,7.770357142857143,21097.696428571428,2.853214285714286,1.05125,257.7178571428572,54.481607142857136,11.69,12.729833333333334,-0.3708333333333333,-24.0
2025-06-07 19:00:00,2025.0,158.0,19.0,12.248596491228067,4.052631578947368,-8.384385964912282,-6.471929824561403,-8.087894736842106,435.94893617021273,-22.102127659574467,-9.429787234042552,11.26595744680851,28549.574468085106,4.296595744680851,3.3258695652173915,257.7474468085107,54.35085106382978,11.698297872340424,10.962631578947368,0.2789473684210526,-19.0
2025-06-07 20:00:00,2025.0,158.0,20.0,11.782711864406778,5.885593220338983,-7.631864406779661,-5.151694915254237,-6.842033898305085,430.08181818181816,-23.31272727272728,-2.601818181818182,12.96709090909091,37768.490909090906,4.796181818181819,2.941111111111111,257.77709090909093,54.223636363636366,11.706545454545454,11.022372881355931,0.0383050847457627,-25.0
2025-06-07 21:00:00,2025.0,158.0,21.0,12.824666666666667,6.787000000000001,-8.768833333333333,-0.3618333333333333,-2.621166666666667,428.336,-27.044,1.482,12.3004,32282.38,4.4936,1.3184,257.81,54.089400000000005,11.7148,11.598,-0.0546666666666666,-25.0
2025-06-07 22:00:00,2025.0,158.0,22.0,15.373333333333331,5.991,-8.2935,11.364166666666668,8.763166666666667,435.06382978723406,-14.387234042553192,5.727659574468085,7.954255319148936,20824.042553191488,3.0185106382978724,-3.76936170212766,257.83851063829786,53.9568085106383,11.723617021276596,13.285,-0.1755,-26.0
2025-06-07 23:00:00,2025.0,158.0,23.0,15.633,6.4594000000000005,-8.3014,11.4264,8.875399999999999,429.7392857142857,-8.082142857142857,3.067857142857143,6.911071428571428,20811.92857142857,2.551071428571429,-3.85037037037037,257.8592857142857,53.86464285714286,11.73,13.661,-0.1048,-15.0
2025-06-08 00:00:00,2025.0,159.0,0.0,15.695172413793104,6.63448275862069,-8.736206896551725,10.907586206896552,8.444137931034483,430.8833333333334,-4.489583333333333,6.15,6.518125,31170.39583333333,2.418333333333333,-3.653958333333333,257.8933333333333,53.72020833333334,11.737708333333332,13.837241379310344,-0.2024137931034483,-9.0
2025-06-08 01:00:00,2025.0,159.0,1.0,15.608928571428573,6.882857142857143,-8.388571428571428,10.827142857142858,8.723035714285714,433.7333333333333,9.492307692307692,15.343589743589742,9.247948717948718,32609.46153846154,3.483076923076923,-4.029999999999999,257.928717948718,53.56538461538462,11.747948717948718,12.949821428571427,-0.4044642857142856,-7.0
2025-06-08 02:00:00,2025.0,159.0,2.0,14.988166666666666,6.405,-6.6555,11.601333333333336,10.139666666666669,433.9473684210527,12.885964912280702,20.59122807017544,10.249649122807018,30346.80701754386,3.867894736842105,-4.407368421052632,257.9687719298246,53.38561403508772,11.759649122807016,12.540666666666668,-0.6131666666666666,-5.0
2025-06-08 03:00:00,2025.0,159.0,3.0,14.468541666666669,6.605416666666667,-4.438958333333333,12.049791666666666,11.265208333333334,416.4823529411765,14.023529411764706,28.029411764705884,8.722941176470588,28553.647058823528,3.0264705882352945,-4.702666666666667,258.0,53.26647058823529,11.77,13.006041666666668,-0.86875,-7.0
2025-06-08 04:00:00,2025.0,159.0,4.0,14.246999999999998,7.6085,-5.345833333333333,10.5395,9.9055,422.4557692307693,9.01923076923077,28.16346153846154,8.804423076923076,27517.01923076923,3.144038461538462,-4.197692307692308,258.0269230769231,53.18288461538461,11.77,12.925999999999998,-0.8511666666666666,-4.0
2025-06-08 05:00:00,2025.0,159.0,5.0,13.518392857142857,9.330535714285714,-6.914285714285714,6.61,6.141964285714286,422.9973684210526,18.931578947368426,37.502631578947366,10.02763157894737,26439.71052631579,3.5926315789473686,-2.7375675675675675,258.05947368421056,53.05684210526316,11.773157894736842,12.287857142857144,-1.042142857142857,0.0
2025-06-08 06:00:00,2025.0,159.0,6.0,13.330943396226417,8.094905660377359,-8.21622641509434,6.154716981132076,5.9743396226415095,420.375,13.2375,25.009375,12.67125,41029.6875,4.485625,-2.705,258.084375,52.9371875,11.78,11.983962264150945,-0.7322641509433963,2.0
